,Player,Share,Predicted_Share,Predicted_Rank,Rank
7851,Shai Gilgeous-Alexander,0.913,0.16836233596537192,3,1
6729,Nikola Jokić,0.787,0.19335829877366778,2,2
3100,Giannis Antetokounmpo,0.47,0.19975910549817827,1,3
4111,Jayson Tatum,0.311,0.12006889044300385,4,4
2460,Donovan Mitchell,0.074,0.07422523729163238,23,5
